time,elpsec,O2Hb_1,HHb_1,TOI_1,nTHI_1,O2Hb_2,HHb_2,TOI_2,nTHI_2,O2Hb_3,HHb_3,TOI_3,nTHI_3,O2Hb_4,HHb_4,TOI_4,nTHI_4,Comment
13:25,4383.19,7.99,-12.92,75,0.945,2.75,-8.62,76.1,0.821,0.91,-8.82,76.3,0.785,-1.14,-4.16,79.8,0.624,
13:25,4383.39,7.68,-12.89,74.5,0.934,1.3,-9.79,76.3,0.778,0.24,-9.48,76.6,0.776,-2.33,-5.24,80.6,0.578,
13:25,4383.59,6.75,-13.84,74.8,0.917,2.15,-9.15,76.3,0.785,1.04,-8.83,76.6,0.785,-1.8,-4.8,80.2,0.604,
13:25,4383.79,6.04,-14.46,74.8,0.911,3.42,-8.18,76,0.851,0.75,-8.73,75.9,0.818,-0.38,-3.53,78.8,0.693,
13:25,4383.99,6.47,-14.26,75.2,0.922,3.69,-7.94,76,0.855,0.84,-8.69,75.9,0.772,-0.27,-3.46,78.9,0.676,
13:25,4384.19,7.78,-13.18,75.1,0.942,3.35,-8.2,76.2,0.845,0.99,-8.64,76,0.774,-0.45,-3.64,79.4,0.652,
13:25,4384.39,8.27,-12.6,74.6,0.948,2.29,-9.07,76.3,0.802,0.77,-9.06,76.5,0.783,-1.46,-4.53,80.1,0.611,
13:25,4384.59,7.79,-12.93,74.6,0.936,1.55,-9.65,76.3,0.777,0.45,-9.38,76.6,0.779,-2.22,-5.23,80.6,0.585,
13:25,4384.79,6.73,-13.92,75,0.92,2.54,-8.92,76.4,0.796,1.33,-8.59,76.5,0.798,-1.19,-4.35,79.9,0.631,
13:25,4384.99,6.07,-14.55,75.1,0.917,3.61,-8.06,76.1,0.852,1,-8.59,76,0.805,-0.23,-3.43,78.6,0.696,
13:25,4385.19,7.02,-13.87,75.1,0.93,3.83,-7.89,76.1,0.856,1.21,-8.5,76,0.768,-0.04,-3.37,79.1,0.675,
13:25,4385.39,8.12,-13,75.2,0.948,3.35,-8.25,76.2,0.84,1.21,-8.58,76.2,0.785,-0.45,-3.71,79.2,0.648,
13:25,4385.59,8.28,-12.6,74.7,0.949,1.89,-9.38,76.2,0.792,0.61,-9.24,76.5,0.783,-1.64,-4.73,80.2,0.6,
13:25,4385.79,7.47,-13.33,74.8,0.929,1.81,-9.51,76.3,0.776,0.84,-9.16,76.8,0.781,-1.96,-5.07,80.5,0.594,
13:25,4385.99,6.65,-14.08,75,0.919,3.2,-8.46,76.3,0.832,1.41,-8.48,76.5,0.816,-0.55,-3.84,79.4,0.668,
13:25,4386.19,6.42,-14.33,75.1,0.923,3.85,-7.89,76.2,0.855,1.22,-8.47,76,0.797,-0.02,-3.33,78.8,0.69,
13:25,4386.39,7.68,-13.36,75.1,0.938,3.74,-7.95,76.2,0.855,1.27,-8.49,76.1,0.775,-0.07,-3.41,79.1,0.667,
13:25,4386.59,8.66,-12.59,75.2,0.956,3.15,-8.44,76.3,0.829,1.12,-8.81,76.5,0.794,-0.92,-4.12,79.7,0.627,
13:25,4386.79,8.6,-12.42,74.7,0.95,1.76,-9.55,76.3,0.783,0.36,-9.52,76.8,0.787,-1.94,-5.05,80.3,0.592,
13:25,4386.99,7.36,-13.51,75,0.927,2.64,-8.89,76.4,0.795,1.4,-8.66,76.7,0.798,-1.19,-4.42,79.9,0.621,
13:25,4387.19,6.45,-14.32,75.2,0.918,3.64,-8.11,76.2,0.849,1.27,-8.49,76.4,0.817,-0.13,-3.46,78.9,0.689,
13:25,4387.39,7.11,-13.88,75.2,0.933,4.01,-7.78,76.1,0.858,1.39,-8.41,76.2,0.779,0.04,-3.35,79,0.675,
13:25,4387.59,8.41,-12.86,75.3,0.95,3.52,-8.14,76.2,0.843,1.34,-8.52,76.4,0.784,-0.35,-3.66,79.4,0.649,
13:25,4387.79,8.64,-12.34,74.7,0.953,2.11,-9.26,76.4,0.796,0.67,-9.25,76.8,0.782,-1.79,-4.87,80,0.596,
13:25,4387.99,7.94,-13.01,74.8,0.936,1.93,-9.45,76.4,0.778,0.95,-9.11,77,0.785,-2.01,-5.13,80.3,0.586,
13:25,4388.19,7.16,-13.73,75.1,0.919,3.13,-8.54,76.4,0.818,1.62,-8.37,76.8,0.814,-0.53,-3.85,79.4,0.657,
13:25,4388.39,6.73,-14.12,75.2,0.926,3.97,-7.8,76.3,0.856,1.38,-8.33,76.2,0.792,-0.03,-3.33,78.8,0.69,
13:25,4388.59,7.99,-13.1,75.1,0.94,3.72,-8,76.2,0.85,1.41,-8.39,76.4,0.778,-0.09,-3.43,79,0.673,
13:25,4388.79,8.66,-12.51,75.1,0.954,2.64,-8.82,76.3,0.811,1.07,-8.87,76.8,0.786,-1.32,-4.46,79.7,0.617,
13:25,4388.99,8.07,-12.85,74.9,0.94,1.42,-9.77,76.3,0.778,0.32,-9.54,77,0.78,-2.47,-5.46,80.2,0.576,
13:25,4389.19,6.88,-13.79,74.9,0.922,2.5,-8.98,76.4,0.792,1.45,-8.54,76.8,0.798,-1.24,-4.43,79.6,0.622,
13:25,4389.39,6.13,-14.5,75.1,0.918,3.57,-8.08,75.9,0.853,1.17,-8.5,76.3,0.801,-0.22,-3.49,78.6,0.69,
13:25,4389.59,7.3,-13.7,75.3,0.935,3.65,-7.98,76.2,0.851,1.25,-8.47,76.3,0.77,-0.09,-3.44,79,0.668,
13:25,4389.79,8.41,-12.69,75.1,0.952,3,-8.46,76.2,0.826,1.2,-8.64,76.7,0.787,-0.93,-4.09,79.2,0.631,
13:25,4389.99,8.39,-12.55,74.7,0.949,1.46,-9.7,76.4,0.78,0.27,-9.57,77,0.785,-2.3,-5.3,80,0.585,
13:25,4390.19,7.42,-13.46,75.1,0.929,1.99,-9.33,76.4,0.771,1.3,-8.73,77.1,0.797,-1.56,-4.71,79.8,0.606,
13:25,4390.39,6.43,-14.21,75.1,0.919,3.18,-8.39,76.2,0.823,1.45,-8.33,76.6,0.813,-0.38,-3.64,78.8,0.685,
13:25,4390.59,6.85,-13.96,75.1,0.934,3.7,-7.9,76.1,0.851,1.27,-8.41,76.3,0.779,-0.24,-3.51,78.7,0.676,
13:25,4390.79,8.54,-12.71,75.3,0.952,3.52,-8.03,76.1,0.854,1.11,-8.63,76.6,0.793,-0.91,-4.06,79,0.645,
13:25,4390.99,9.29,-12.12,75.6,0.968,2.4,-8.93,76.4,0.808,0.38,-9.4,77.1,0.783,-2.31,-5.27,80,0.591,
13:25,4391.19,8.34,-12.86,75.5,0.946,2.46,-8.97,76.5,0.8,0.97,-8.94,77.2,0.801,-2.02,-5.04,79.7,0.608,
13:25,4391.39,6.78,-14.1,75.6,0.925,3.21,-8.41,76.3,0.84,0.67,-8.82,76.6,0.835,-0.79,-3.94,78.4,0.724,
13:25,4391.59,6.52,-14.25,75.3,0.932,3.67,-7.93,76.2,0.856,0.9,-8.61,76.4,0.798,-0.63,-3.78,78.2,0.698,
13:25,4391.79,8.02,-13.19,75.7,0.944,3.47,-8.05,76.2,0.855,0.93,-8.64,76.5,0.794,-0.89,-4.01,78.6,0.663,
13:25,4391.99,8.73,-12.47,75.5,0.957,2.18,-9.07,76.4,0.809,0.29,-9.38,77,0.785,-2.21,-5.14,79.6,0.604,
13:25,4392.19,7.93,-13.08,75.3,0.939,1.93,-9.35,76.5,0.781,0.49,-9.31,77.3,0.788,-2.44,-5.4,79.9,0.59,
13:25,4392.39,6.58,-14.15,75.4,0.917,3.06,-8.45,76.3,0.833,0.71,-8.78,76.6,0.824,-0.97,-4.11,78.7,0.675,
13:25,4392.59,6.21,-14.49,75.4,0.922,3.45,-8.05,76,0.85,0.47,-8.84,76.2,0.784,-0.57,-3.72,78.3,0.687,
13:25,4392.79,7.47,-13.46,75.1,0.932,3.26,-8.23,76.1,0.849,0.62,-8.85,76.5,0.782,-0.68,-3.86,78.6,0.671,
13:25,4392.99,8.23,-12.68,74.8,0.945,2.52,-8.77,76.2,0.821,0.47,-9.12,77,0.792,-1.63,-4.64,79.3,0.618,
13:25,4393.19,8.18,-12.59,74.7,0.942,1.7,-9.43,76.4,0.783,0.03,-9.57,77.1,0.777,-2.56,-5.47,79.8,0.583,
13:25,4393.39,7.04,-13.71,75.2,0.922,2.21,-9.09,76.5,0.792,0.75,-9.01,77.1,0.798,-1.96,-4.99,79.7,0.61,
13:25,4393.59,5.76,-14.7,75.1,0.905,2.9,-8.56,76.2,0.84,0.5,-8.88,76.6,0.828,-0.67,-3.84,78.4,0.69,
13:25,4393.79,5.63,-14.78,75,0.912,3.29,-8.2,76,0.846,0.56,-8.76,76.3,0.795,-0.52,-3.68,78.2,0.679,
13:25,4393.99,7.07,-13.7,75.1,0.927,3.21,-8.23,76.1,0.845,0.71,-8.71,76.5,0.784,-0.6,-3.76,78.2,0.683,
13:25,4394.19,7.93,-12.91,74.8,0.94,2.56,-8.75,76.2,0.821,0.58,-8.99,76.9,0.796,-1.43,-4.45,79,0.632,
13:25,4394.39,7.53,-13.11,74.8,0.931,1.01,-9.99,76.3,0.77,-0.21,-9.72,77,0.784,-2.7,-5.58,79.7,0.583,
13:25,4394.59,6.38,-14.15,75.1,0.913,2.03,-9.2,76.3,0.787,0.65,-8.95,76.9,0.799,-1.86,-4.86,79.2,0.617,
13:25,4394.78,5.6,-14.75,74.8,0.906,3.08,-8.4,76.1,0.842,0.44,-8.84,76.4,0.815,-0.59,-3.73,78,0.694,
13:25,4394.98,6.4,-14.17,74.8,0.919,3.16,-8.28,76.1,0.84,0.61,-8.76,76.4,0.774,-0.54,-3.72,78.2,0.673,
13:25,4395.19,7.67,-13.1,74.7,0.938,2.55,-8.74,76.2,0.814,0.65,-8.88,76.8,0.787,-1.05,-4.15,78.8,0.632,
13:25,4395.39,7.52,-12.94,74.3,0.932,0.82,-10.06,76.1,0.766,-0.29,-9.73,76.9,0.785,-2.47,-5.37,79.7,0.583,
13:25,4395.59,6.56,-13.99,75,0.914,1.45,-9.66,76.3,0.764,0.43,-9.22,77.1,0.785,-2.37,-5.31,79.5,0.595,
13:25,4395.78,5.57,-14.73,74.8,0.905,2.67,-8.73,76.3,0.827,0.59,-8.77,76.4,0.805,-1.02,-4.11,78.3,0.662,
13:25,4395.98,6.08,-14.49,75.1,0.923,3.19,-8.25,76.1,0.839,0.56,-8.73,76.2,0.773,-0.71,-3.83,78.2,0.664,
13:25,4396.18,7.41,-13.41,75.1,0.937,2.76,-8.58,76.2,0.823,0.62,-8.81,76.5,0.773,-0.91,-4.04,78.7,0.635,
13:25,4396.38,7.82,-12.92,74.8,0.943,1.25,-9.77,76.2,0.775,-0.05,-9.55,76.9,0.778,-2.26,-5.19,79.5,0.586,
13:25,4396.58,6.8,-13.78,75,0.922,0.94,-10.05,76.3,0.758,-0.13,-9.62,76.8,0.769,-2.83,-5.71,79.8,0.575,
13:25,4396.78,5.73,-14.74,75.4,0.908,2.26,-9.06,76.3,0.805,0.59,-8.83,76.7,0.794,-1.46,-4.51,78.8,0.636,
13:25,4396.98,5.88,-14.72,75.3,0.923,3.24,-8.28,76.1,0.839,0.52,-8.74,76.1,0.777,-0.77,-3.87,78,0.668,
13:25,4397.18,7.25,-13.72,75.5,0.937,3,-8.45,76.2,0.833,0.57,-8.78,76.2,0.764,-0.81,-3.96,78.4,0.652,
13:25,4397.38,8.06,-12.96,75.4,0.953,1.95,-9.25,76.3,0.79,0.29,-9.19,76.7,0.777,-1.88,-4.85,79.2,0.602,
13:25,4397.58,7.32,-13.36,75,0.933,0.83,-10.14,76.3,0.76,-0.44,-9.84,76.8,0.769,-2.94,-5.76,79.6,0.571,
13:25,4397.78,6.19,-14.46,75.5,0.915,2.04,-9.28,76.4,0.784,0.63,-8.91,76.8,0.786,-1.88,-4.89,79.1,0.614,
13:25,4397.98,5.63,-14.92,75.3,0.916,3.11,-8.43,76.4,0.839,0.47,-8.78,76.2,0.785,-0.83,-3.95,78.2,0.67,
13:25,4398.18,6.83,-14.01,75.4,0.931,3.17,-8.33,76.2,0.837,0.54,-8.77,76.2,0.755,-0.7,-3.86,78.2,0.655,
13:25,4398.38,8,-13.08,75.5,0.95,2.47,-8.9,76.4,0.81,0.41,-9.03,76.5,0.776,-1.49,-4.5,78.8,0.617,
13:25,4398.58,7.8,-13.03,75.1,0.943,0.98,-10.11,76.5,0.769,-0.45,-9.87,76.8,0.77,-2.75,-5.62,79.6,0.574,
13:25,4398.78,6.56,-14.09,75.3,0.919,1.64,-9.62,76.5,0.766,0.44,-9.11,76.7,0.774,-2.22,-5.19,79.3,0.595,
13:25,4398.98,5.63,-14.84,75.1,0.91,2.88,-8.66,76.4,0.831,0.44,-8.83,76.3,0.792,-0.97,-4.07,78.1,0.663,
13:25,4399.18,6.53,-14.31,75.4,0.929,3.32,-8.29,76.3,0.839,0.56,-8.75,76,0.761,-0.72,-3.87,78,0.659,
13:25,4399.38,7.75,-13.27,75.3,0.943,2.71,-8.77,76.4,0.811,0.54,-8.9,76.4,0.769,-1.18,-4.26,78.6,0.628,
13:25,4399.58,7.87,-12.88,74.8,0.944,1.21,-9.93,76.4,0.772,-0.31,-9.73,76.7,0.769,-2.66,-5.5,79.3,0.581,
13:25,4399.78,7.12,-13.66,75.2,0.927,1.32,-9.92,76.5,0.758,0.26,-9.29,76.7,0.775,-2.51,-5.4,79.3,0.581,
13:25,4399.98,6.06,-14.55,75.2,0.911,2.71,-8.87,76.5,0.817,0.57,-8.84,76.6,0.801,-1.15,-4.26,78.3,0.652,
13:25,4400.18,6.38,-14.33,75.1,0.925,3.36,-8.26,76.2,0.84,0.57,-8.75,76.2,0.772,-0.8,-3.93,78,0.662,
13:25,4400.38,7.74,-13.28,75.3,0.941,2.97,-8.56,76.3,0.827,0.56,-8.83,76.2,0.771,-1.15,-4.21,78.3,0.636,
13:25,4400.58,8.03,-12.8,74.8,0.947,1.42,-9.79,76.4,0.778,-0.22,-9.69,76.7,0.774,-2.48,-5.35,79.3,0.583,
13:25,4400.78,7.21,-13.54,75,0.927,1.12,-10.08,76.6,0.758,-0.13,-9.65,76.8,0.766,-2.83,-5.7,79.5,0.568,
13:25,4400.98,6.19,-14.38,75.1,0.91,2.49,-9.03,76.4,0.806,0.58,-8.85,76.5,0.797,-1.34,-4.41,78.4,0.639,
13:25,4401.18,6.21,-14.45,75.1,0.923,3.29,-8.3,76.2,0.84,0.41,-8.86,76.1,0.775,-0.87,-3.95,77.8,0.662,
13:25,4401.38,7.68,-13.38,75.3,0.938,3.02,-8.53,76.2,0.828,0.51,-8.91,76.3,0.765,-1.04,-4.17,78.5,0.632,
13:25,4401.58,8.31,-12.67,75.1,0.947,1.8,-9.46,76.4,0.789,-0.15,-9.61,76.7,0.767,-2.58,-5.43,79.4,0.581,
13:25,4401.78,7.4,-13.37,75.1,0.925,1.09,-10.04,76.5,0.761,-0.4,-9.85,76.8,0.762,-3.17,-5.95,79.8,0.567,
13:25,4401.98,6.24,-14.4,75.2,0.911,2.34,-9.12,76.5,0.801,0.55,-8.94,76.6,0.794,-1.66,-4.69,78.6,0.626,
13:25,4402.18,5.9,-14.68,75,0.918,3.17,-8.4,76.2,0.839,0.39,-8.91,76.2,0.778,-0.96,-4.04,77.9,0.663,
13:25,4402.38,7.31,-13.64,75.3,0.932,2.97,-8.51,76.2,0.833,0.45,-8.93,76.3,0.762,-1.04,-4.16,78.3,0.641,
13:25,4402.58,8.32,-12.64,75,0.945,2.38,-8.97,76.4,0.818,0.07,-9.38,76.6,0.772,-2.41,-5.27,79.2,0.59,
13:25,4402.78,7.72,-13.12,75.1,0.933,1.49,-9.76,76.6,0.768,-0.21,-9.76,77,0.763,-3.14,-5.97,79.9,0.567,
13:25,4402.98,6.07,-14.47,75.1,0.908,2.11,-9.29,76.5,0.793,0.52,-8.98,76.6,0.79,-1.81,-4.84,78.9,0.621,
13:25,4403.18,5.75,-14.82,75.3,0.916,3.08,-8.43,76.2,0.839,0.29,-8.95,76.1,0.781,-1.02,-4.07,77.9,0.665,
13:25,4403.38,7.1,-13.75,75.1,0.931,2.96,-8.52,76.2,0.833,0.37,-9,76.2,0.757,-0.94,-4.09,78.3,0.64,
13:25,4403.58,8.03,-12.92,75.1,0.947,2.07,-9.24,76.5,0.8,0.12,-9.36,76.6,0.774,-2.08,-5,79,0.6,
13:25,4403.78,7.26,-13.31,74.7,0.928,0.79,-10.25,76.4,0.76,-0.51,-9.97,76.8,0.768,-3.03,-5.87,79.8,0.57,
13:25,4403.98,6.12,-14.39,75.1,0.909,1.99,-9.34,76.5,0.789,0.44,-9.07,76.7,0.787,-1.96,-4.94,78.8,0.617,
13:25,4404.18,5.7,-14.87,75.2,0.916,3.15,-8.42,76.3,0.839,0.37,-8.94,76.2,0.78,-0.98,-4.08,77.9,0.669,
13:25,4404.38,6.89,-13.94,75.3,0.931,3.02,-8.47,76.3,0.833,0.43,-8.97,76.2,0.749,-0.92,-4.08,78.3,0.649,
13:25,4404.58,7.78,-13.1,75.1,0.946,2.13,-9.15,76.4,0.796,0.22,-9.25,76.5,0.769,-1.9,-4.85,78.9,0.607,
13:25,4404.78,7.41,-13.23,74.8,0.943,1.09,-9.98,76.4,0.769,-0.96,-10.3,76.9,0.728,-4.23,-6.8,79.9,0.531,
13:25,4404.98,6.52,-14.19,75.4,0.922,2.27,-9.09,76.4,0.802,0.36,-9.14,76.5,0.769,-2.84,-5.71,79.5,0.563,
13:25,4405.18,5.59,-14.87,75,0.911,2.9,-8.59,76.2,0.836,0.25,-9.03,76.1,0.791,-1.17,-4.27,78,0.672,
13:25,4405.38,6.05,-14.54,75.1,0.923,3.14,-8.34,76.2,0.836,0.46,-8.89,75.9,0.752,-0.96,-4.12,78.2,0.653,
13:25,4405.58,7.65,-13.3,75.2,0.94,2.7,-8.73,76.4,0.82,0.47,-9.04,76.3,0.763,-1.22,-4.37,78.7,0.633,
13:25,4405.78,7.74,-12.9,74.7,0.945,1.14,-9.96,76.4,0.773,-0.16,-9.72,76.8,0.77,-2.68,-5.6,79.5,0.584,
13:25,4405.98,6.9,-13.69,75,0.925,1.27,-9.89,76.5,0.765,0.05,-9.56,76.8,0.767,-2.88,-5.79,79.6,0.583,
13:25,4406.18,5.77,-14.63,74.9,0.91,2.52,-8.9,76.3,0.822,0.51,-8.94,76.4,0.793,-1.47,-4.55,78.3,0.65,
13:25,4406.38,5.99,-14.66,75.3,0.926,3.23,-8.33,76.3,0.839,0.66,-8.8,76.1,0.764,-0.96,-4.14,78,0.657,
13:25,4406.58,7.52,-13.42,75.3,0.938,2.75,-8.68,76.4,0.822,0.58,-8.96,76.3,0.761,-1.06,-4.28,78.7,0.638,
13:25,4406.78,7.82,-12.92,74.9,0.946,1.46,-9.7,76.5,0.775,0.04,-9.57,76.7,0.769,-2.45,-5.39,79.3,0.59,
13:25,4406.98,7.05,-13.54,75,0.927,1.18,-9.97,76.6,0.764,-0.06,-9.7,76.8,0.766,-3.01,-5.9,79.5,0.575,
13:25,4407.18,5.77,-14.65,75,0.908,2.35,-9.07,76.4,0.813,0.62,-8.99,76.6,0.79,-1.61,-4.74,78.7,0.635,
13:25,4407.38,5.78,-14.81,75.3,0.922,3.15,-8.39,76.3,0.84,0.59,-8.85,76.1,0.766,-0.98,-4.14,78,0.658,
13:25,4407.58,7.27,-13.66,75.3,0.939,2.78,-8.64,76.3,0.829,0.54,-8.97,76.2,0.754,-1,-4.21,78.5,0.642,
13:25,4407.78,7.7,-13.06,74.8,0.948,1.58,-9.64,76.6,0.78,0.2,-9.47,76.7,0.773,-2.24,-5.26,79.4,0.598,
13:25,4407.98,7.1,-13.49,74.8,0.929,0.93,-10.18,76.5,0.762,-0.22,-9.88,76.9,0.766,-3.08,-6.02,79.7,0.571,
13:25,4408.18,6.05,-14.5,75,0.911,2.18,-9.23,76.6,0.802,0.62,-9.01,76.6,0.789,-1.76,-4.89,78.9,0.629,
13:25,4408.38,5.8,-14.78,75,0.92,3.07,-8.46,76.3,0.841,0.51,-8.91,76.2,0.778,-0.97,-4.17,78.3,0.668,
13:25,4408.58,7.19,-13.75,75.1,0.936,2.89,-8.61,76.5,0.832,0.58,-9,76.3,0.758,-0.88,-4.17,78.5,0.644,
13:25,4408.78,7.94,-13.04,75.1,0.947,2.02,-9.31,76.6,0.792,0.28,-9.4,76.7,0.771,-2.04,-5.11,79.2,0.609,
13:25,4408.98,7.46,-13.23,74.7,0.933,0.96,-10.17,76.7,0.766,-0.39,-10.02,76.9,0.766,-3.18,-6.11,79.9,0.574,
13:25,4409.18,6.38,-14.35,75.1,0.914,2.07,-9.35,76.7,0.79,0.73,-9.05,76.8,0.788,-1.93,-5.09,79.2,0.616,
13:26,4409.38,6.04,-14.7,75,0.918,3.21,-8.42,76.4,0.843,0.74,-8.81,76.3,0.784,-0.91,-4.16,78.3,0.674,
13:26,4409.58,7.15,-13.84,75,0.93,3.03,-8.51,76.5,0.837,0.66,-8.93,76.3,0.752,-0.75,-4.11,78.7,0.661,
13:26,4409.78,7.85,-13.14,74.9,0.945,2,-9.33,76.7,0.795,0.34,-9.34,76.6,0.766,-1.88,-5,79.2,0.608,
13:26,4409.98,7.35,-13.33,74.5,0.933,0.79,-10.34,76.7,0.766,-0.35,-10.04,77,0.766,-3.16,-6.14,79.8,0.57,
13:26,4410.18,6.44,-14.36,75.1,0.914,2,-9.42,76.7,0.789,0.71,-9.09,76.9,0.785,-2,-5.19,79.4,0.616,
13:26,4410.38,5.94,-14.85,75.1,0.916,3.14,-8.46,76.5,0.845,0.61,-8.88,76.2,0.78,-1,-4.24,78.3,0.669,
13:26,4410.57,7.1,-13.97,75.2,0.933,3,-8.51,76.5,0.834,0.54,-9,76.1,0.747,-0.86,-4.18,78.6,0.646,
13:26,4410.78,7.96,-13.16,75.1,0.945,2.09,-9.27,76.7,0.796,0.34,-9.36,76.6,0.765,-1.84,-5.01,79.3,0.606,
13:26,4410.98,7.47,-13.33,74.7,0.931,0.83,-10.3,76.7,0.766,-0.41,-10.05,76.8,0.761,-3.12,-6.12,79.9,0.566,
13:26,4411.18,6.49,-14.34,75.1,0.914,1.93,-9.46,76.8,0.785,0.67,-9.09,76.7,0.778,-2.06,-5.22,79.2,0.609,
13:26,4411.37,5.96,-14.86,75.1,0.915,3.08,-8.49,76.5,0.838,0.67,-8.84,76.2,0.776,-1.02,-4.27,78.3,0.662,
13:26,4411.57,7.26,-13.93,75.3,0.933,3,-8.52,76.5,0.834,0.55,-9.01,76.2,0.747,-0.85,-4.21,78.6,0.642,
13:26,4411.77,7.94,-13.21,75.3,0.943,1.9,-9.39,76.7,0.791,0.24,-9.39,76.4,0.764,-1.98,-5.12,79.2,0.603,
13:26,4411.97,7.42,-13.44,75,0.928,0.79,-10.29,76.7,0.765,-0.43,-10.04,76.8,0.758,-3.08,-6.09,79.8,0.568,
13:26,4412.17,6.32,-14.54,75.2,0.907,1.97,-9.41,76.8,0.79,0.66,-9.07,76.7,0.778,-1.95,-5.14,79.1,0.614,
13:26,4412.37,5.92,-15,75.3,0.913,3.14,-8.41,76.4,0.842,0.59,-8.87,76,0.767,-1.02,-4.26,78.2,0.666,
13:26,4412.57,7.09,-14.03,75.2,0.93,3,-8.46,76.3,0.837,0.48,-9.01,76,0.739,-0.94,-4.24,78.2,0.65,
13:26,4412.77,7.97,-13.2,75,0.947,2.36,-8.98,76.6,0.808,0.4,-9.2,76.3,0.764,-1.55,-4.75,78.8,0.617,
13:26,4412.97,7.89,-13.02,74.8,0.941,1.02,-10.09,76.7,0.769,-0.28,-9.9,76.7,0.763,-2.74,-5.81,79.5,0.577,
13:26,4413.17,7.13,-13.81,75.1,0.925,1.3,-9.88,76.8,0.763,0.1,-9.58,76.7,0.763,-2.73,-5.8,79.5,0.582,
13:26,4413.37,6.08,-14.73,75.1,0.91,2.32,-9.05,76.5,0.82,0.43,-9.07,76.3,0.787,-1.43,-4.67,78.5,0.648,
13:26,4413.57,5.9,-15.04,75.3,0.918,2.99,-8.52,76.5,0.837,0.38,-9.03,75.9,0.758,-0.88,-4.18,78.2,0.671,
13:26,4413.77,7.34,-13.85,75.2,0.934,2.83,-8.58,76.5,0.833,0.37,-9.1,76,0.744,-0.88,-4.23,78.4,0.655,
13:26,4413.97,7.97,-13.1,75,0.945,1.85,-9.36,76.6,0.792,0.09,-9.45,76.3,0.761,-2.07,-5.18,79.1,0.602,EVNT13 
13:26,4414.17,7.35,-13.46,74.8,0.93,0.68,-10.3,76.5,0.761,-0.53,-10.06,76.6,0.757,-3.11,-6.11,79.7,0.57,
13:26,4414.37,6.28,-14.58,75.2,0.913,1.99,-9.32,76.6,0.798,0.48,-9.13,76.5,0.782,-1.8,-5.01,78.9,0.625,
13:26,4414.57,5.88,-14.99,75.3,0.916,2.92,-8.51,76.4,0.841,0.31,-9.01,75.8,0.767,-0.97,-4.23,78.1,0.668,
13:26,4414.77,7.24,-13.92,75.2,0.933,2.73,-8.61,76.5,0.832,0.29,-9.09,75.8,0.741,-0.88,-4.18,78.2,0.647,
13:26,4414.97,7.81,-13.21,75,0.945,1.6,-9.51,76.5,0.789,-0.02,-9.51,76.3,0.76,-1.98,-5.11,79,0.602,
13:26,4415.17,7.3,-13.47,74.7,0.931,0.47,-10.46,76.6,0.761,-0.66,-10.12,76.6,0.757,-3.05,-6.07,79.6,0.568,
13:26,4415.37,6.32,-14.47,75.1,0.914,1.68,-9.53,76.7,0.785,0.37,-9.18,76.4,0.773,-1.97,-5.14,79,0.615,
13:26,4415.57,5.72,-15.03,75.1,0.916,2.8,-8.57,76.4,0.835,0.26,-9,75.8,0.767,-1.07,-4.28,77.9,0.666,
13:26,4415.77,7.12,-13.94,75,0.934,2.75,-8.58,76.3,0.831,0.3,-9.05,75.8,0.741,-0.87,-4.19,78.2,0.651,
13:26,4415.97,7.77,-13.25,75,0.947,1.56,-9.53,76.5,0.79,-0.07,-9.5,76.3,0.757,-1.94,-5.06,78.9,0.604,
13:26,4416.17,7.18,-13.51,74.6,0.93,0.25,-10.6,76.5,0.757,-0.8,-10.18,76.6,0.752,-3.18,-6.15,79.6,0.562,
13:26,4416.37,6.42,-14.36,75,0.914,1.56,-9.62,76.7,0.778,0.34,-9.18,76.5,0.779,-1.95,-5.13,79,0.613,
13:26,4416.57,5.93,-14.9,75.2,0.916,2.74,-8.64,76.4,0.834,0.19,-9.09,76,0.775,-1.03,-4.28,78,0.673,
13:26,4416.77,7.21,-13.9,75.2,0.933,2.63,-8.68,76.5,0.826,0.21,-9.14,76,0.745,-0.91,-4.24,78.4,0.646,
13:26,4416.97,7.8,-13.16,74.9,0.947,1.47,-9.57,76.6,0.784,-0.13,-9.55,76.3,0.758,-2.1,-5.19,79,0.6,
13:26,4417.17,7.5,-13.3,74.8,0.937,0.46,-10.43,76.6,0.759,-0.73,-10.17,76.7,0.758,-3.2,-6.18,79.6,0.569,
13:26,4417.37,6.23,-14.56,75.2,0.914,1.71,-9.48,76.7,0.791,0.29,-9.22,76.5,0.781,-1.92,-5.11,78.9,0.621,
13:26,4417.57,5.83,-14.99,75.3,0.917,2.61,-8.68,76.3,0.833,0.19,-9.06,76,0.771,-1.05,-4.29,78,0.67,
13:26,4417.77,7.17,-13.97,75.4,0.931,2.55,-8.71,76.5,0.829,0.2,-9.13,76.1,0.747,-0.93,-4.25,78.3,0.656,
13:26,4417.97,7.65,-13.26,74.8,0.947,1.38,-9.66,76.7,0.789,-0.24,-9.66,76.5,0.76,-2.1,-5.2,79,0.602,
13:26,4418.17,7.07,-13.51,74.5,0.93,0.22,-10.58,76.5,0.758,-0.87,-10.26,76.7,0.757,-3.25,-6.2,79.5,0.568,
13:26,4418.37,6.19,-14.52,75,0.911,1.57,-9.57,76.7,0.786,0.15,-9.32,76.6,0.782,-2,-5.14,78.8,0.621,
13:26,4418.57,5.69,-15.08,75.2,0.914,2.55,-8.79,76.5,0.834,-0.05,-9.27,76.1,0.784,-1,-4.25,77.9,0.683,
13:26,4418.77,6.63,-14.36,75.3,0.925,2.55,-8.72,76.4,0.829,0.1,-9.2,76,0.746,-0.91,-4.22,78.2,0.655,
13:26,4418.97,7.52,-13.47,75.1,0.943,1.84,-9.28,76.6,0.798,-0.02,-9.4,76.2,0.759,-1.54,-4.73,78.8,0.619,
13:26,4419.17,7.46,-13.23,74.7,0.939,0.35,-10.49,76.5,0.762,-0.88,-10.27,76.6,0.761,-3.14,-6.11,79.6,0.572,
13:26,4419.37,6.89,-13.91,75,0.924,0.47,-10.47,76.6,0.748,-0.12,-9.68,76.6,0.768,-2.74,-5.78,79.4,0.578,
13:26,4419.57,5.86,-14.82,75.1,0.911,1.6,-9.65,76.8,0.767,0.38,-9.07,76.2,0.804,-1.27,-4.54,78.3,0.664,
13:26,4419.77,5.44,-15.27,75.3,0.914,2.55,-8.8,76.5,0.817,0.24,-9.05,75.9,0.766,-1.05,-4.3,78,0.67,
13:26,4419.97,7.02,-14.09,75.2,0.932,2.79,-8.61,76.4,0.831,0.2,-9.13,75.9,0.745,-0.89,-4.21,78.3,0.655,
13:26,4420.17,7.62,-13.47,75.2,0.945,1.91,-9.3,76.5,0.799,-0.14,-9.5,76.2,0.754,-1.52,-4.71,78.8,0.617,
13:26,4420.37,8.06,-12.95,75,0.943,0.7,-10.32,76.7,0.768,-0.8,-10.12,76.4,0.754,-2.89,-5.89,79.6,0.571,
13:26,4420.57,7.25,-13.68,74.9,0.929,0.22,-10.72,76.5,0.737,-0.6,-9.96,76.4,0.745,-2.44,-5.52,79.4,0.572,
13:26,4420.77,6.23,-14.67,75.1,0.906,1.76,-9.63,76.7,0.78,0.17,-9.27,76.1,0.793,-1.24,-4.53,78.4,0.663,
13:26,4420.97,5.15,-15.46,75.3,0.914,2.24,-9.14,76.5,0.806,-0.05,-9.28,75.8,0.769,-1.04,-4.28,77.8,0.696,
13:26,4421.17,6.2,-14.69,75.2,0.921,2.83,-8.58,76.5,0.826,-0.05,-9.25,75.5,0.732,-0.9,-4.2,78.2,0.655,
13:26,4421.37,7.59,-13.62,75.4,0.936,2.32,-9.02,76.5,0.802,-0.38,-9.6,75.6,0.739,-0.97,-4.27,78.5,0.624,
13:26,4421.57,8.24,-12.99,75.3,0.943,1.32,-9.87,76.7,0.788,-1.01,-10.24,76.1,0.742,-2.48,-5.51,79.3,0.586,
13:26,4421.77,6.83,-14.08,75.1,0.924,-0.01,-10.95,76.7,0.738,-0.79,-10.09,76.1,0.742,-2.45,-5.54,79.7,0.577,
13:26,4421.97,5.19,-15.46,75.1,0.882,1.18,-10.02,76.6,0.772,-0.31,-9.54,75.8,0.786,-1.24,-4.51,78.5,0.667,
13:26,4422.17,4.57,-15.95,75.3,0.9,1.38,-9.71,76.5,0.792,-0.4,-9.52,75.6,0.747,-1.08,-4.34,78.2,0.694,
13:26,4422.37,6.36,-14.73,75.7,0.921,2,-9.2,76.5,0.81,-0.48,-9.54,75.2,0.717,-0.95,-4.25,78.3,0.66,
13:26,4422.57,7.26,-13.82,75.5,0.933,1.18,-9.89,76.6,0.777,-0.92,-9.99,75.6,0.73,-1.83,-4.94,79.1,0.608,
13:26,4422.77,6.66,-14.17,75.2,0.922,-0.59,-11.34,76.5,0.725,-1.1,-10.27,75.8,0.729,-2.85,-5.88,79.9,0.569,
13:26,4422.97,5.39,-15.33,75.3,0.89,0.23,-10.74,76.6,0.725,-0.41,-9.64,75.6,0.758,-1.67,-4.92,79.1,0.625,
13:26,4423.17,4.16,-16.19,75.2,0.885,0.91,-10.08,76.5,0.763,-0.57,-9.58,75.3,0.756,-1.15,-4.38,78.1,0.704,
13:26,4423.37,5.61,-15.17,75.4,0.912,1.38,-9.65,76.4,0.79,-0.6,-9.61,75.4,0.724,-1.15,-4.41,78.3,0.663,
13:26,4423.57,6.78,-14.2,75.6,0.928,0.76,-10.19,76.5,0.765,-1.03,-10.1,75.8,0.73,-2.04,-5.14,79.4,0.607,
13:26,4423.77,6.54,-14.2,75.3,0.922,-0.83,-11.45,76.3,0.722,-1.6,-10.64,75.9,0.728,-3.16,-6.13,80,0.566,
13:26,4423.97,5.53,-15.18,75.4,0.898,0.09,-10.76,76.5,0.723,-0.53,-9.75,75.8,0.751,-2,-5.16,79.3,0.608,
13:26,4424.17,4.32,-16.12,75.4,0.893,1.1,-9.94,76.4,0.771,-0.7,-9.67,75.5,0.761,-1.24,-4.47,78.2,0.697,
13:26,4424.37,5.33,-15.37,75.5,0.914,1.36,-9.64,76.4,0.788,-0.73,-9.73,75.5,0.733,-1.13,-4.42,78.6,0.666,
13:26,4424.57,6.41,-14.35,75.3,0.927,0.86,-10.02,76.4,0.765,-1.08,-10.1,75.7,0.735,-1.63,-4.78,79,0.624,
13:26,4424.77,6.65,-13.91,75,0.931,-0.44,-11.04,76.4,0.738,-1.73,-10.74,76.1,0.731,-3.09,-6.03,79.8,0.579,
13:26,4424.97,5.56,-14.89,75.1,0.91,-0.87,-11.4,76.3,0.706,-0.9,-10.11,76.1,0.739,-2.45,-5.56,79.7,0.588,
13:26,4425.17,4.19,-15.94,75,0.894,0.72,-10.15,76.3,0.75,-0.63,-9.69,75.8,0.769,-1.36,-4.59,78.4,0.69,
13:26,4425.36,3.99,-16.17,75.3,0.901,1.31,-9.54,76.3,0.789,-0.7,-9.65,75.6,0.742,-1.23,-4.45,78.3,0.678,
13:26,4425.57,5.8,-14.73,75.2,0.921,1.3,-9.53,76.1,0.79,-0.78,-9.79,75.6,0.728,-1.11,-4.41,78.7,0.658,
13:26,4425.77,6.4,-14.03,75.1,0.935,0.37,-10.25,76.3,0.758,-1.4,-10.42,76,0.73,-2.26,-5.31,79.4,0.599,
13:26,4425.97,6.49,-13.73,74.6,0.935,-0.68,-11.1,76.2,0.734,-1.54,-10.63,76.5,0.739,-3.18,-6.15,80.1,0.571,
13:26,4426.17,5.15,-14.87,74.6,0.907,-0.45,-10.93,76.3,0.72,-0.7,-9.96,76.4,0.746,-2.06,-5.26,79.6,0.602,
13:26,4426.36,3.68,-16.05,74.9,0.898,0.59,-10.04,76.1,0.759,-0.61,-9.67,76,0.778,-1.25,-4.51,78.2,0.716,
13:26,4426.57,3.86,-15.84,74.7,0.905,1.23,-9.38,76,0.797,-0.74,-9.69,75.7,0.736,-1.27,-4.51,78.3,0.669,
13:26,4426.77,5.63,-14.38,74.7,0.926,1.28,-9.34,76,0.794,-0.98,-9.92,75.5,0.73,-0.99,-4.33,78.8,0.65,
13:26,4426.96,6.41,-13.46,74.2,0.944,0.29,-10.18,76.1,0.773,-1.58,-10.57,76,0.735,-2.39,-5.49,79.6,0.587,
13:26,4427.16,5.64,-13.98,73.9,0.929,-1.33,-11.51,76.1,0.711,-1.41,-10.6,76.7,0.734,-2.74,-5.86,80.1,0.567,
13:26,4427.36,4.55,-14.84,73.9,0.901,0.01,-10.35,76,0.743,-0.68,-9.82,76.2,0.783,-1.59,-4.89,79.2,0.639,
13:26,4427.56,3.26,-15.79,73.9,0.9,0.58,-9.76,75.8,0.778,-0.85,-9.74,75.8,0.769,-1.15,-4.47,78.2,0.713,
13:26,4427.76,4.39,-14.83,73.7,0.921,1.04,-9.27,75.6,0.8,-0.9,-9.71,75.3,0.736,-1.06,-4.43,78.5,0.67,
13:26,4427.96,5.67,-13.55,73.6,0.941,0.61,-9.63,75.7,0.773,-1.39,-10.15,75.3,0.737,-1.31,-4.62,79,0.625,
13:26,4428.16,5.94,-13.05,73.1,0.944,-0.68,-10.78,75.9,0.743,-1.53,-10.56,76.3,0.745,-2.84,-5.97,80,0.579,
13:26,4428.36,4.75,-14.06,73,0.923,-0.85,-10.96,76.1,0.722,-0.73,-9.95,76.3,0.75,-2.11,-5.41,79.7,0.592,
13:26,4428.56,3.13,-15.23,73,0.901,0.11,-9.95,75.6,0.753,-0.71,-9.5,75.5,0.788,-1.15,-4.52,78.2,0.702,
13:26,4428.76,3.36,-15.02,73,0.916,0.54,-9.34,75.2,0.793,-0.84,-9.51,75.1,0.748,-1.12,-4.51,78.5,0.674,
13:26,4428.96,5.13,-13.43,72.9,0.94,0.58,-9.36,75.4,0.785,-1.05,-9.75,75,0.741,-1.13,-4.57,79.1,0.633,
13:26,4429.16,5.59,-12.59,72.1,0.947,-0.56,-10.32,75.5,0.758,-1.74,-10.48,75.6,0.741,-2.86,-5.96,79.7,0.577,
13:26,4429.36,4.49,-13.47,72,0.929,-1.54,-11.23,75.8,0.708,-1.43,-10.36,76,0.732,-2.58,-5.81,80,0.571,
13:26,4429.56,3.24,-14.49,72,0.908,0.03,-9.75,75.4,0.758,-0.79,-9.45,75.2,0.788,-1.24,-4.66,78.5,0.682,
13:26,4429.76,2.56,-14.83,71.7,0.914,0.32,-9.23,74.9,0.787,-1.08,-9.48,74.6,0.752,-1.13,-4.51,78.2,0.684,
13:26,4429.96,4.33,-13.23,71.6,0.94,0.45,-9.07,74.8,0.789,-1.17,-9.59,74.4,0.732,-1.06,-4.47,78.6,0.647,
13:26,4430.16,4.91,-12.27,71,0.955,-0.45,-9.86,75,0.761,-1.6,-10.15,75,0.739,-2.46,-5.66,79.6,0.59,
13:26,4430.36,4.41,-12.54,70.8,0.945,-1.14,-10.52,75.2,0.73,-1.44,-10.18,75.6,0.749,-2.89,-6.06,79.8,0.574,
13:26,4430.56,3.31,-13.49,70.8,0.92,-0.18,-9.61,75,0.748,-0.8,-9.28,74.8,0.791,-1.52,-4.88,78.8,0.643,
13:26,4430.76,2.45,-14.37,71.1,0.915,0.45,-8.8,74.4,0.795,-1.08,-9.28,74.3,0.774,-1.13,-4.49,78,0.693,
13:26,4430.96,3.74,-13.21,71.1,0.937,0.55,-8.57,74.2,0.803,-1.07,-9.3,74,0.748,-0.99,-4.43,78.3,0.657,
13:26,4431.16,4.53,-11.93,70.3,0.954,-0.09,-9.09,74.4,0.769,-1.6,-9.82,74.1,0.743,-1.54,-4.86,78.9,0.61,
13:26,4431.36,4.56,-11.48,69.7,0.958,-1,-9.94,74.6,0.751,-1.88,-10.31,75.1,0.743,-2.93,-6.09,79.7,0.573,
13:26,4431.56,3.69,-12.41,69.7,0.937,-0.84,-9.98,75.1,0.744,-0.79,-9.42,75.1,0.772,-2.06,-5.38,79.3,0.596,
13:26,4431.76,2.21,-13.76,70,0.922,-0.27,-9.13,74.3,0.769,-0.94,-9.05,74,0.792,-1.08,-4.49,78.1,0.701,
13:26,4431.96,2.05,-13.73,69.7,0.923,0.07,-8.47,73.7,0.805,-1.15,-9.14,73.6,0.753,-1.19,-4.55,77.9,0.673,
13:26,4432.16,3.79,-12.05,69.7,0.948,0.29,-8.36,73.7,0.803,-1.12,-9.21,73.7,0.745,-0.97,-4.43,78.4,0.65,
13:26,4432.36,4.19,-11.04,68.9,0.963,-0.78,-9.27,74,0.771,-1.72,-9.91,74.2,0.742,-2.46,-5.66,79.2,0.587,
13:26,4432.56,3.48,-11.45,68.2,0.952,-2.18,-10.82,74.7,0.719,-1.75,-10.24,75.1,0.734,-2.91,-6.14,79.9,0.56,
13:26,4432.76,2.61,-12.49,68.5,0.922,-0.77,-9.49,74.5,0.746,-0.87,-9.17,74.3,0.777,-1.42,-4.89,78.7,0.635,
13:26,4432.96,1.58,-13.42,68.7,0.921,-0.27,-8.54,73.4,0.79,-1.31,-9.09,73.4,0.776,-1.04,-4.47,77.8,0.709,
13:26,4433.16,2.71,-12.46,69,0.937,0.06,-8.05,73.2,0.811,-1.29,-9.08,73,0.748,-0.95,-4.44,78.1,0.665,
13:26,4433.36,3.95,-10.79,68.5,0.958,-0.17,-8.35,73.2,0.79,-1.81,-9.63,73.1,0.751,-1.28,-4.73,78.8,0.618,
13:26,4433.56,3.74,-10.59,67.5,0.959,-1.65,-10,74.2,0.745,-1.82,-10.12,74.5,0.757,-2.51,-5.86,79.8,0.579,
13:26,4433.76,2.44,-11.79,67.4,0.929,-1.06,-9.53,74.4,0.745,-0.98,-9.25,74.1,0.778,-1.59,-5.09,79.1,0.619,
13:26,4433.96,1.17,-13.11,67.9,0.92,-0.55,-8.46,73,0.788,-1.52,-9.12,72.9,0.776,-1,-4.46,77.7,0.711,
13:26,4434.16,2.22,-12.24,68.1,0.935,-0.23,-7.95,72.6,0.811,-1.39,-9.07,72.6,0.744,-0.87,-4.43,78.2,0.672,
13:26,4434.36,3.3,-10.46,67.2,0.959,-0.56,-8.34,72.8,0.784,-1.86,-9.57,72.6,0.745,-1.25,-4.75,78.9,0.621,
13:26,4434.56,2.53,-10.83,66.3,0.949,-2.42,-10.54,74.2,0.714,-1.92,-10.26,74.5,0.73,-2.39,-5.85,80,0.569,
13:26,4434.76,1.8,-11.78,66.7,0.921,-1.07,-9.18,73.8,0.751,-1.2,-9.23,73.5,0.766,-1.23,-4.84,78.8,0.645,
13:26,4434.96,0.8,-12.78,66.9,0.925,-0.91,-8.25,72.2,0.794,-1.77,-9.17,72.3,0.757,-0.97,-4.46,77.6,0.716,
13:26,4435.16,2.18,-11.38,66.9,0.944,-0.67,-7.96,72.1,0.799,-1.45,-9.01,72.1,0.734,-0.83,-4.42,78.2,0.663,
13:26,4435.36,2.89,-9.89,66,0.963,-1.35,-8.74,72.5,0.769,-1.87,-9.63,72.8,0.748,-1.96,-5.41,79.3,0.607,
13:26,4435.56,2.04,-10.59,65.4,0.949,-2.61,-10.53,74,0.709,-1.89,-10.23,74.5,0.73,-2.54,-6.01,79.9,0.57,
13:26,4435.76,1.27,-11.68,65.9,0.922,-1.08,-8.72,73,0.752,-1.16,-8.85,72.8,0.776,-1.15,-4.75,78.6,0.67,
13:26,4435.96,0.93,-12.06,66.1,0.931,-0.75,-7.85,71.8,0.795,-1.4,-8.83,72.1,0.759,-0.94,-4.49,77.9,0.689,
13:26,4436.16,2.53,-10.23,66,0.953,-0.67,-7.79,71.8,0.795,-1.54,-9.07,71.8,0.739,-1.14,-4.71,78.5,0.633,
13:26,4436.36,2.61,-9.27,64.7,0.965,-1.96,-9.08,72.5,0.754,-2.16,-9.96,73.1,0.741,-2.85,-6.19,79.8,0.578,
13:26,4436.56,1.6,-10.3,64.7,0.946,-1.88,-9.4,73.2,0.73,-1.52,-9.61,73.9,0.758,-2.45,-5.91,79.8,0.585,
13:26,4436.76,0.86,-11.65,65.5,0.926,-0.75,-7.91,71.9,0.793,-1.57,-8.91,72.1,0.779,-1.18,-4.7,78.1,0.684,
13:26,4436.96,1.13,-11.52,65.8,0.937,-0.59,-7.47,71.3,0.812,-1.58,-8.86,71.7,0.752,-0.97,-4.48,77.8,0.675,
13:26,4437.16,2.29,-9.76,65.2,0.961,-0.82,-7.7,71.6,0.792,-1.64,-9.08,71.8,0.743,-1.21,-4.73,78.6,0.629,
13:26,4437.36,2.67,-8.77,64.1,0.972,-1.81,-8.73,72,0.765,-2.11,-9.83,73,0.746,-2.7,-6.06,79.7,0.583,
13:26,4437.56,1.89,-9.64,64.2,0.956,-1.78,-9.14,73.1,0.74,-1.36,-9.35,73.6,0.765,-2.35,-5.79,79.6,0.589,
13:26,4437.76,0.82,-11.25,64.9,0.932,-0.83,-7.93,72,0.781,-1.35,-8.69,72.1,0.789,-1.11,-4.59,77.9,0.69,
13:26,4437.96,0.52,-11.75,65.2,0.937,-0.58,-7.33,71.3,0.815,-1.6,-8.78,71.7,0.762,-1.02,-4.5,77.7,0.687,
13:26,4438.16,2.05,-10.03,65,0.958,-0.49,-7.3,71.3,0.812,-1.54,-8.83,71.5,0.745,-0.91,-4.46,78,0.663,
13:26,4438.36,2.36,-8.86,64,0.974,-1.57,-8.3,71.7,0.77,-2.11,-9.57,72.3,0.742,-2.15,-5.5,79.2,0.6,
13:26,4438.56,2.22,-8.95,63.6,0.972,-2.48,-9.67,72.9,0.73,-1.95,-9.89,73.8,0.747,-2.86,-6.2,79.8,0.571,
13:26,4438.76,1.48,-10.26,64.1,0.942,-1.45,-8.83,73,0.739,-1.04,-8.78,72.9,0.769,-1.46,-5,78.9,0.632,
13:26,4438.96,0.29,-11.66,64.6,0.931,-1.04,-7.75,71.4,0.787,-1.58,-8.65,71.6,0.772,-1.15,-4.55,77.3,0.717,
13:26,4439.16,1.38,-10.68,64.8,0.949,-0.62,-7.19,71,0.812,-1.57,-8.67,71.2,0.744,-1.07,-4.55,77.8,0.672,
13:26,4439.36,2.59,-8.91,64.5,0.974,-0.92,-7.64,71.4,0.787,-2.1,-9.26,71.4,0.743,-1.35,-4.81,78.6,0.622,
13:26,4439.56,2.4,-8.77,63.5,0.972,-2.38,-9.36,72.5,0.737,-2.28,-9.99,73.3,0.742,-2.82,-6.14,79.6,0.575,
13:26,4439.76,1.35,-9.96,63.6,0.949,-1.88,-9.15,73,0.736,-1.29,-9.08,73.1,0.76,-1.99,-5.42,79,0.605,
13:26,4439.96,0.35,-11.44,64.4,0.935,-1.17,-7.93,71.5,0.779,-1.85,-8.81,71.5,0.776,-1.11,-4.55,77.5,0.719,
13:26,4440.16,0.92,-11.01,64.8,0.946,-1.01,-7.47,70.9,0.806,-1.83,-8.82,71.3,0.745,-1.08,-4.56,77.7,0.675,
13:26,4440.36,2.19,-9.15,64.3,0.97,-1.12,-7.65,71.1,0.793,-2.07,-9.13,71.3,0.742,-1.57,-4.95,78.4,0.626,
13:26,4440.56,2.43,-8.5,63.1,0.981,-2.41,-9.21,72.1,0.748,-2.49,-10.04,72.9,0.741,-3.05,-6.31,79.5,0.577,
13:26,4440.76,1.11,-9.81,62.6,0.951,-2.53,-9.8,73.1,0.714,-1.8,-9.63,73.4,0.728,-2.21,-5.66,79.2,0.588,
13:26,4440.95,0.18,-11.26,63.6,0.931,-1.42,-8.08,71.5,0.776,-1.95,-8.86,71.6,0.777,-1.2,-4.62,77.5,0.724,
13:26,4441.15,0.69,-10.99,64.1,0.946,-1.16,-7.52,70.9,0.803,-1.99,-8.94,71.3,0.746,-1.14,-4.59,77.5,0.675,
13:26,4441.36,2.25,-9.05,64,0.971,-1.03,-7.59,71.2,0.797,-2.26,-9.27,71.3,0.744,-1.48,-4.91,78.3,0.628,
13:26,4441.56,2.26,-8.76,63.3,0.973,-2.64,-9.45,72.3,0.74,-2.63,-10.15,73,0.743,-2.88,-6.18,79.5,0.581,
13:26,4441.76,1.39,-9.85,63.6,0.955,-2.22,-9.4,72.9,0.725,-1.78,-9.49,73.2,0.746,-2.05,-5.5,79,0.601,
13:26,4441.95,0.42,-11.27,64.3,0.935,-1.16,-7.86,71.3,0.788,-2.1,-9.02,71.7,0.776,-1.15,-4.58,77.4,0.715,
13:26,4442.15,1.11,-10.83,64.8,0.949,-0.97,-7.46,71,0.807,-1.97,-8.95,71.3,0.746,-1.12,-4.59,77.6,0.681,
13:26,4442.36,2.25,-9.09,64.2,0.975,-1.21,-7.8,71.3,0.788,-2.19,-9.31,71.5,0.745,-1.66,-5.05,78.5,0.626,
13:26,4442.55,2.48,-8.73,63.6,0.981,-2.55,-9.42,72.4,0.742,-2.49,-10.14,73.3,0.743,-3.07,-6.35,79.4,0.575,
13:26,4442.75,1.4,-10.02,63.9,0.955,-2.12,-9.33,72.9,0.727,-1.59,-9.35,73.2,0.747,-2.05,-5.5,79,0.604,
13:26,4442.95,0.38,-11.38,64.4,0.937,-1.15,-7.86,71.3,0.785,-2.08,-9,71.6,0.778,-1.2,-4.6,77.3,0.717,
13:26,4443.15,1.15,-10.94,64.9,0.953,-0.84,-7.43,71,0.807,-1.9,-8.96,71.3,0.746,-1.12,-4.59,77.6,0.675,
13:26,4443.35,2.34,-9.24,64.5,0.977,-1.07,-7.73,71.2,0.79,-2.12,-9.32,71.6,0.738,-1.73,-5.1,78.5,0.613,
13:26,4443.55,2.57,-8.75,63.7,0.985,-2.39,-9.15,72.1,0.755,-2.71,-10.22,72.7,0.719,-3.91,-6.98,79.7,0.545,
13:26,4443.75,1.75,-9.79,64.1,0.961,-1.86,-9.05,72.8,0.741,-1.48,-9.29,73.2,0.759,-2.26,-5.64,79,0.601,
13:26,4443.95,0.74,-11.32,64.9,0.938,-0.91,-7.72,71.4,0.795,-2.11,-9.11,71.7,0.78,-1.35,-4.69,77.1,0.717,
13:26,4444.15,1.19,-10.94,65,0.949,-0.85,-7.4,71,0.814,-2.09,-9.15,71.4,0.744,-1.36,-4.74,77.4,0.675,
13:26,4444.35,2.3,-9.38,64.6,0.974,-1.15,-7.87,71.5,0.786,-2.12,-9.39,71.7,0.74,-1.7,-5.07,78.4,0.621,
13:26,4444.55,2.63,-9.11,64.5,0.979,-2.55,-9.56,72.7,0.738,-2.34,-10.15,73.4,0.738,-3.32,-6.5,79.3,0.565,
13:26,4444.75,1.86,-10.29,65.5,0.958,-2.16,-9.48,73.1,0.725,-1.53,-9.42,73.3,0.738,-2.41,-5.73,78.9,0.592,
13:26,4444.95,0.59,-11.74,65.7,0.937,-1.14,-7.92,71.4,0.785,-2.09,-9.09,71.8,0.77,-1.43,-4.74,77.2,0.717,
13:26,4445.15,1.01,-11.34,65.4,0.947,-1,-7.56,71.1,0.809,-2.03,-9.15,71.5,0.737,-1.41,-4.76,77.3,0.67,
13:26,4445.35,2.41,-9.44,64.9,0.975,-1.04,-7.76,71.3,0.791,-2.04,-9.33,71.7,0.731,-1.89,-5.17,78.3,0.614,
13:26,4445.55,2.57,-9.06,64.1,0.977,-2.66,-9.64,72.5,0.735,-2.51,-10.21,73.1,0.727,-3.44,-6.55,79.3,0.565,
13:26,4445.75,1.65,-10.22,64.5,0.953,-2.37,-9.79,73.3,0.712,-1.74,-9.65,73.4,0.729,-2.46,-5.78,79,0.587,
13:26,4445.95,0.52,-11.63,65,0.931,-1.22,-8.05,71.6,0.777,-1.99,-9.06,71.8,0.772,-1.51,-4.78,77.2,0.716,
13:26,4446.15,1.26,-11.08,65.4,0.946,-0.95,-7.51,71,0.805,-2.01,-9.07,71.3,0.74,-1.46,-4.76,77.4,0.674,
13:26,4446.35,2.75,-9.21,65,0.974,-0.97,-7.72,71.3,0.802,-2.3,-9.49,71.6,0.744,-2.14,-5.37,78.5,0.614,
13:26,4446.55,2.83,-8.99,64.3,0.978,-2.57,-9.59,72.5,0.741,-2.61,-10.3,73.3,0.737,-3.53,-6.65,79.5,0.568,
13:26,4446.75,1.59,-10.21,64.2,0.953,-2.01,-9.31,72.9,0.726,-1.66,-9.4,73,0.749,-2.29,-5.59,78.7,0.605,
13:26,4446.95,0.76,-11.45,65,0.938,-0.98,-7.73,71.3,0.796,-2.24,-9.18,71.7,0.771,-1.54,-4.77,77.1,0.725,
13:26,4447.15,1.78,-10.68,65.4,0.96,-0.81,-7.48,71.1,0.808,-2.2,-9.27,71.4,0.738,-1.42,-4.77,77.8,0.671,
13:26,4447.35,2.83,-9.06,64.8,0.98,-1.22,-7.93,71.4,0.789,-2.42,-9.62,71.7,0.739,-2.46,-5.63,78.6,0.608,
13:26,4447.55,2.56,-9.24,64.2,0.976,-2.63,-9.72,72.8,0.728,-2.54,-10.25,73.4,0.735,-3.52,-6.66,79.6,0.568,
13:26,4447.75,1.73,-10.45,64.9,0.954,-1.47,-8.76,72.8,0.746,-1.56,-9.1,72.7,0.768,-2,-5.36,78.5,0.633,
13:26,4447.95,0.74,-11.66,65.2,0.942,-0.87,-7.57,71.2,0.803,-2.39,-9.22,71.4,0.762,-1.55,-4.81,77.3,0.717,
13:26,4448.15,2.02,-10.45,65.4,0.959,-0.79,-7.47,71.2,0.806,-2.18,-9.2,71.2,0.733,-1.48,-4.83,77.8,0.661,
13:26,4448.35,3.08,-8.87,64.7,0.984,-1.13,-7.89,71.5,0.795,-2.45,-9.65,71.8,0.745,-2.68,-5.85,78.8,0.606,
13:26,4448.55,2.73,-9.04,63.9,0.978,-2.61,-9.74,72.9,0.728,-2.57,-10.25,73.3,0.742,-3.54,-6.69,79.6,0.573,
13:26,4448.75,1.6,-10.32,64.2,0.951,-1.52,-8.73,72.6,0.745,-1.67,-9.14,72.5,0.762,-2.1,-5.42,78.3,0.636,
13:26,4448.95,0.85,-11.39,64.6,0.944,-0.78,-7.52,71.3,0.8,-2.22,-9.12,71.4,0.762,-1.66,-4.91,77,0.716,
13:26,4449.15,2.36,-10.14,65.2,0.965,-0.6,-7.36,71.3,0.804,-2.13,-9.17,71.2,0.737,-1.49,-4.88,77.8,0.657,
13:26,4449.35,3.13,-8.82,64.8,0.986,-1.46,-8.15,71.6,0.775,-2.65,-9.82,71.8,0.731,-2.8,-5.99,79,0.595,
13:26,4449.55,2.47,-9.23,63.7,0.977,-2.91,-10.07,73,0.718,-2.69,-10.39,73.4,0.726,-3.64,-6.8,79.6,0.561,
13:26,4449.75,1.76,-10.35,64.4,0.957,-1.6,-8.85,72.7,0.738,-1.61,-9.11,72.5,0.754,-2.12,-5.49,78.4,0.631,
13:26,4449.95,0.85,-11.52,64.9,0.943,-0.9,-7.65,71.3,0.788,-2.14,-9.08,71.4,0.752,-1.74,-5.01,77.3,0.7,
13:26,4450.15,2.45,-10.07,65.3,0.965,-0.58,-7.32,71.2,0.804,-2.22,-9.19,71.2,0.734,-1.55,-4.93,77.7,0.649,
13:26,4450.35,3.31,-8.84,65,0.988,-1.47,-8.21,71.6,0.775,-2.78,-9.93,71.7,0.727,-2.95,-6.14,79,0.582,
13:26,4450.55,2.45,-9.61,64.4,0.976,-3.08,-10.3,73.2,0.711,-2.97,-10.64,73.3,0.708,-3.67,-6.84,79.5,0.55,
13:26,4450.75,1.58,-10.57,64.6,0.952,-1.51,-8.68,72.5,0.741,-1.89,-9.17,72.3,0.761,-2.06,-5.4,78.2,0.643,
13:26,4450.95,0.93,-11.61,65.4,0.946,-1.08,-7.71,71.1,0.79,-2.33,-9.21,71.3,0.746,-1.7,-4.98,77.2,0.706,
13:26,4451.15,2.34,-10.26,65.6,0.966,-0.78,-7.49,71.2,0.798,-2.24,-9.22,71,0.722,-1.63,-4.99,77.8,0.651,
13:26,4451.35,3.22,-8.83,65,0.989,-1.55,-8.2,71.5,0.775,-2.78,-9.88,71.6,0.722,-3.17,-6.3,79,0.579,
13:26,4451.55,2.52,-9.53,64.4,0.978,-2.96,-10.14,73,0.713,-2.63,-10.33,73.3,0.715,-3.58,-6.77,79.6,0.555,
13:26,4451.75,1.52,-10.86,65.2,0.949,-1.43,-8.56,72.4,0.746,-1.84,-9.12,72,0.752,-1.99,-5.34,78,0.648,
13:26,4451.95,0.83,-11.68,65.4,0.946,-1.07,-7.59,71,0.798,-2.46,-9.28,71.2,0.751,-1.75,-5.02,77.3,0.694,
13:26,4452.15,2.66,-10.09,66,0.972,-0.72,-7.43,71.2,0.799,-2.26,-9.28,71.2,0.727,-1.68,-5.05,77.9,0.644,
13:26,4452.35,3.29,-8.8,64.9,0.99,-1.66,-8.36,71.7,0.768,-2.83,-9.97,71.7,0.727,-3.18,-6.32,79.1,0.58,
13:26,4452.55,2.55,-9.38,64.4,0.979,-2.68,-9.8,73,0.717,-2.53,-10.17,73.1,0.726,-3.39,-6.59,79.5,0.565,
13:26,4452.75,1.72,-10.78,65.3,0.949,-1.28,-8.43,72.3,0.75,-1.79,-9.02,72,0.772,-1.87,-5.22,77.9,0.667,
13:26,4452.95,1.2,-11.44,65.5,0.948,-0.8,-7.52,71.2,0.792,-2.19,-9.1,71.2,0.749,-1.66,-4.96,77.3,0.7,
13:26,4453.15,2.74,-9.85,65.6,0.971,-0.62,-7.37,71.3,0.796,-2.27,-9.26,70.9,0.725,-1.66,-5.02,77.8,0.643,
13:26,4453.35,3.43,-8.7,64.9,0.993,-1.7,-8.46,71.8,0.764,-2.85,-10.08,71.8,0.722,-3.37,-6.48,79.1,0.575,
13:26,4453.55,2.5,-9.69,64.6,0.978,-2.82,-10.12,73.3,0.709,-2.46,-10.23,73.1,0.709,-3.33,-6.58,79.5,0.564,
13:26,4453.75,1.44,-10.91,65,0.947,-1.32,-8.37,72,0.754,-1.78,-8.97,71.8,0.764,-1.84,-5.18,77.7,0.674,
13:26,4453.95,1.14,-11.45,65.4,0.952,-0.84,-7.48,71.1,0.797,-2.29,-9.2,71,0.738,-1.71,-5.01,77.3,0.687,
13:26,4454.15,2.99,-9.65,65.7,0.976,-0.66,-7.45,71.2,0.794,-2.39,-9.4,70.8,0.72,-1.79,-5.15,78,0.628,
13:26,4454.35,3.5,-8.57,64.8,0.989,-1.85,-8.57,71.7,0.762,-3.05,-10.25,71.7,0.719,-3.64,-6.72,79.2,0.571,
13:26,4454.55,2.55,-9.52,64.6,0.974,-2.19,-9.45,73,0.724,-2.22,-9.89,72.8,0.733,-3.14,-6.38,79.1,0.579,
13:26,4454.75,1.48,-11.06,65.3,0.945,-1.03,-8.12,71.9,0.768,-1.96,-9.06,71.6,0.773,-1.75,-5.11,77.5,0.695,
13:26,4454.95,1.7,-11.06,65.6,0.953,-0.65,-7.42,71,0.804,-2.37,-9.29,70.9,0.735,-1.72,-5.02,77.2,0.683,
13:26,4455.15,2.98,-9.53,65.5,0.974,-0.75,-7.61,71.3,0.792,-2.46,-9.5,70.9,0.723,-2.01,-5.31,78.1,0.623,
13:26,4455.35,3.38,-8.86,64.8,0.987,-2.23,-9.24,72.3,0.744,-2.95,-10.37,72.2,0.72,-3.74,-6.87,79.3,0.562,
13:26,4455.55,2.21,-10.04,64.7,0.966,-2.37,-9.81,73.1,0.712,-2.14,-9.86,72.7,0.712,-2.85,-6.16,79,0.581,
13:26,4455.75,1.13,-11.33,65.1,0.94,-0.97,-8,71.6,0.772,-2.06,-9.07,71.3,0.758,-1.69,-4.99,77.1,0.712,
13:26,4455.95,1.82,-11.08,65.8,0.953,-0.55,-7.43,71.2,0.802,-2.08,-9.13,70.9,0.727,-1.6,-4.96,77.3,0.674,
13:26,4456.15,3.12,-9.38,65.4,0.978,-0.72,-7.67,71.3,0.79,-2.39,-9.49,70.9,0.721,-2.32,-5.57,78.2,0.607,
13:26,4456.35,3.34,-8.98,64.9,0.984,-2.31,-9.41,72.4,0.736,-2.96,-10.37,72.3,0.726,-3.8,-6.89,79.2,0.565,
13:26,4456.55,2.09,-10.25,64.8,0.96,-1.83,-9.41,73.1,0.718,-1.95,-9.6,72.6,0.738,-2.63,-5.94,78.6,0.606,
13:26,4456.74,1.32,-11.36,65.5,0.941,-0.73,-7.89,71.6,0.78,-2.23,-9.22,71.3,0.758,-1.79,-5.06,77,0.717,
13:26,4456.94,2.29,-10.63,65.8,0.955,-0.36,-7.36,71.1,0.803,-2.28,-9.27,71,0.729,-1.68,-5,77.4,0.671,
13:26,4457.15,3.4,-9.06,65.1,0.983,-0.81,-7.85,71.3,0.785,-2.72,-9.83,71.2,0.723,-2.77,-5.94,78.5,0.591,
13:26,4457.35,3.12,-9.12,64.3,0.984,-2.53,-9.84,72.8,0.724,-3.07,-10.59,72.7,0.714,-3.91,-6.99,79.2,0.559,
13:26,4457.55,2.1,-10.19,64.6,0.956,-1.45,-8.93,72.6,0.731,-1.91,-9.37,72.3,0.748,-2.35,-5.64,78.2,0.62,
13:26,4457.74,1.34,-11.29,65.1,0.943,-0.5,-7.65,71.4,0.791,-2.42,-9.32,71.3,0.754,-1.72,-4.97,76.9,0.714,
13:26,4457.94,2.51,-10.42,65.6,0.96,-0.3,-7.42,71.3,0.799,-2.45,-9.41,71,0.722,-1.7,-5.01,77.3,0.662,
13:26,4458.14,3.34,-9.44,65.8,0.982,-0.61,-7.62,70.8,0.792,-2.87,-9.96,71,0.667,-3.61,-6.6,78.9,0.536,
13:26,4458.34,3.03,-9.4,64.8,0.98,-2.37,-9.64,72.6,0.728,-3.06,-10.45,72.3,0.692,-4.59,-7.47,79.2,0.526,
13:26,4458.54,2.09,-10.43,65.2,0.953,-1.16,-8.62,72.3,0.741,-2.06,-9.33,72,0.747,-2.4,-5.61,77.7,0.639,
13:26,4458.74,1.3,-11.45,65.5,0.94,-0.52,-7.56,71.1,0.791,-2.72,-9.45,71.1,0.746,-1.95,-5.08,76.5,0.718,
13:26,4458.94,2.79,-10.3,66.1,0.959,-0.14,-7.23,71.1,0.806,-2.69,-9.5,70.8,0.72,-1.72,-4.99,77.2,0.672,
13:26,4459.14,3.69,-9.13,65.8,0.986,-0.97,-8,71.4,0.778,-3.19,-10.12,71.1,0.709,-3.06,-6.12,78.4,0.58,
13:26,4459.34,2.91,-9.57,65,0.977,-2.94,-10.24,72.8,0.706,-3.18,-10.59,72.6,0.697,-4.07,-7.04,78.9,0.553,
13:26,4459.54,2.15,-10.52,65.6,0.951,-1.18,-8.48,72.1,0.748,-2.51,-9.47,71.6,0.74,-2.25,-5.45,77.6,0.662,
13:26,4459.74,1.46,-11.55,66,0.948,-0.74,-7.6,71,0.8,-3.15,-9.64,70.8,0.739,-2.01,-5.11,76.5,0.723,
13:26,4459.94,2.76,-10.42,66.4,0.958,-0.61,-7.54,71.1,0.798,-2.97,-9.7,70.8,0.707,-1.9,-5.1,77,0.665,
13:26,4460.14,3.61,-9.04,65.7,0.982,-1.17,-8.05,71.2,0.779,-3.36,-10.17,71.1,0.702,-3.44,-6.38,78.2,0.579,
13:26,4460.34,3.29,-9.22,65,0.983,-2.7,-9.94,72.7,0.713,-3.17,-10.53,72.7,0.707,-4.03,-6.99,78.8,0.563,
13:26,4460.54,2.13,-10.45,65.3,0.949,-1.32,-8.67,72.3,0.741,-2.55,-9.59,71.9,0.736,-2.4,-5.56,77.3,0.655,
13:26,4460.74,1.26,-11.48,65.5,0.942,-0.85,-7.69,70.9,0.786,-3.02,-9.57,70.9,0.732,-2.05,-5.12,76.3,0.723,
13:26,4460.94,2.71,-10.41,66.2,0.961,-0.44,-7.46,71.2,0.797,-2.9,-9.65,70.8,0.705,-1.92,-5.14,77.1,0.666,
13:26,4461.14,3.66,-9.21,66.1,0.985,-1.24,-8.24,71.5,0.772,-3.41,-10.27,71.3,0.699,-3.5,-6.47,78.3,0.579,
13:26,4461.34,3.1,-9.42,65.1,0.98,-2.89,-10.21,72.8,0.704,-3.24,-10.61,72.7,0.696,-4.09,-7.05,78.7,0.56,
13:26,4461.54,2.12,-10.48,65.5,0.95,-1.42,-8.79,72.3,0.731,-2.31,-9.45,72,0.735,-2.43,-5.62,77.6,0.647,
13:26,4461.74,1.4,-11.56,66,0.944,-0.61,-7.66,71.3,0.784,-2.67,-9.41,71.1,0.734,-1.98,-5.13,76.6,0.718,
13:26,4461.94,2.8,-10.31,66.2,0.962,-0.43,-7.45,71.2,0.791,-2.81,-9.57,70.8,0.705,-1.94,-5.17,77.2,0.656,
13:26,4462.14,3.6,-8.96,65.5,0.983,-1.31,-8.27,71.4,0.769,-3.37,-10.24,71.4,0.708,-3.62,-6.58,78.4,0.581,
13:26,4462.34,2.92,-9.68,65.3,0.975,-2.74,-10.16,73,0.708,-2.98,-10.5,73,0.706,-3.96,-7.01,78.9,0.565,
13:26,4462.54,1.84,-10.85,65.5,0.948,-1.48,-8.84,72.3,0.73,-2.11,-9.29,72,0.74,-2.42,-5.63,77.5,0.664,
13:26,4462.74,1.25,-11.75,66.1,0.941,-0.75,-7.66,71,0.784,-2.55,-9.33,71.2,0.729,-2.1,-5.22,76.5,0.703,
13:26,4462.94,2.97,-10.13,66.2,0.968,-0.34,-7.42,71.3,0.795,-2.61,-9.56,71,0.702,-2.03,-5.29,77.4,0.637,
13:26,4463.14,3.83,-8.81,65.5,0.987,-1.31,-8.31,71.5,0.773,-3.27,-10.29,71.6,0.706,-3.96,-6.9,78.5,0.569,
13:26,4463.34,2.89,-9.5,64.8,0.976,-2.63,-10.09,73.1,0.706,-2.88,-10.45,73.1,0.709,-3.85,-6.94,78.9,0.568,
13:26,4463.54,1.97,-10.89,65.8,0.949,-0.93,-8.45,72.3,0.748,-2.15,-9.32,72.1,0.759,-2.27,-5.51,77.3,0.675,
13:26,4463.74,1.59,-11.41,65.7,0.947,-0.33,-7.51,71.3,0.793,-2.45,-9.38,71.4,0.74,-2.04,-5.22,76.6,0.704,
13:26,4463.94,3.12,-9.91,65.9,0.968,-0.19,-7.43,71.3,0.795,-2.56,-9.56,71.1,0.717,-2.07,-5.32,77.4,0.647,
13:26,4464.14,3.85,-8.95,65.5,0.991,-1.51,-8.84,72,0.756,-3.15,-10.41,72.1,0.717,-3.91,-6.94,78.5,0.573,
13:26,4464.34,2.91,-9.84,65.3,0.975,-2.19,-9.96,73.3,0.708,-2.39,-10.16,73.2,0.713,-3.45,-6.64,78.7,0.575,
13:26,4464.54,1.81,-11.05,65.6,0.944,-0.66,-8.18,72,0.762,-2.16,-9.25,71.7,0.763,-2,-5.26,77.1,0.711,
13:26,4464.74,1.76,-11.52,66.1,0.952,-0.29,-7.57,71.5,0.797,-2.25,-9.35,71.4,0.735,-1.89,-5.18,76.9,0.699,
13:26,4464.94,3.52,-9.87,66.5,0.975,0.02,-7.46,71.6,0.8,-2.31,-9.53,71.3,0.715,-2.21,-5.49,77.6,0.627,
13:26,4465.14,3.99,-8.88,65.5,0.991,-1.33,-8.73,72,0.765,-3.11,-10.41,72,0.719,-4.06,-7.06,78.6,0.574,
13:26,4465.34,3.11,-9.91,65.7,0.974,-1.83,-9.81,73.4,0.714,-2.06,-9.94,73.1,0.725,-3.21,-6.45,78.5,0.589,
13:26,4465.54,1.97,-11.29,66,0.947,-0.47,-8.2,72.1,0.763,-1.9,-9.19,72,0.768,-2.01,-5.29,76.9,0.713,
13:26,4465.74,2.43,-11.12,66.4,0.957,0.04,-7.46,71.7,0.799,-2.27,-9.41,71.4,0.736,-1.93,-5.21,76.8,0.687,
13:26,4465.94,3.83,-9.58,66.3,0.981,0.02,-7.64,71.9,0.792,-2.34,-9.63,71.5,0.728,-2.37,-5.61,77.5,0.622,
13:26,4466.14,3.97,-9.15,65.7,0.988,-1.83,-9.54,72.8,0.742,-3.11,-10.73,72.8,0.718,-4.24,-7.25,78.7,0.563,
13:26,4466.34,3.09,-9.88,65.4,0.972,-1.38,-9.43,73.3,0.723,-1.94,-9.78,73,0.731,-3.21,-6.39,78.3,0.594,
13:26,4466.54,2.23,-11.27,66.4,0.948,-0.05,-7.86,72,0.782,-2.03,-9.28,71.7,0.759,-1.99,-5.24,76.8,0.7,
13:26,4466.74,2.84,-11.03,66.7,0.962,0.42,-7.33,71.8,0.809,-2.06,-9.32,71.5,0.74,-1.89,-5.18,76.8,0.688,
13:26,4466.94,4.14,-9.48,66.5,0.986,0.2,-7.56,71.9,0.793,-2.38,-9.66,71.3,0.726,-2.35,-5.55,77.5,0.622,
13:26,4467.14,4.6,-8.68,65.7,0.997,-1.15,-8.89,72.4,0.76,-2.97,-10.51,72.4,0.719,-4.28,-7.23,78.5,0.564,
13:26,4467.34,3.41,-9.99,65.9,0.976,-1.53,-9.81,73.8,0.717,-1.9,-9.91,73.2,0.718,-3.32,-6.52,78.4,0.576,
13:26,4467.54,2.29,-11.35,66.4,0.948,-0.08,-8.11,72.5,0.764,-1.6,-9.08,72,0.761,-2.01,-5.25,76.8,0.696,
13:26,4467.74,2.7,-11.24,66.6,0.96,0.63,-7.25,71.9,0.806,-1.89,-9.19,71.4,0.739,-1.89,-5.12,76.5,0.688,
13:26,4467.94,4.37,-9.69,66.9,0.989,0.56,-7.44,72.1,0.796,-2.15,-9.53,71.3,0.724,-2.06,-5.32,77.3,0.634,
13:26,4468.14,4.66,-9,66.1,0.995,-1.09,-9.09,72.8,0.751,-2.73,-10.38,72.5,0.714,-3.95,-6.93,78.3,0.569,
13:26,4468.34,3.46,-10.11,65.8,0.974,-1.71,-10.14,73.9,0.709,-2.05,-10.11,73.3,0.693,-3.23,-6.43,78.3,0.571,
13:26,4468.54,2.51,-11.48,66.7,0.949,0.09,-8.18,72.7,0.761,-1.45,-9.01,72,0.757,-1.97,-5.23,76.8,0.699,
13:26,4468.74,2.87,-11.35,66.9,0.962,0.74,-7.28,72,0.807,-1.76,-9.15,71.3,0.725,-1.87,-5.11,76.5,0.685,
13:26,4468.94,4.37,-9.67,66.7,0.983,0.65,-7.41,72.1,0.802,-2.11,-9.5,71.2,0.713,-2.28,-5.46,77.2,0.618,
13:26,4469.14,4.8,-9.1,66.2,0.996,-0.93,-9.14,73.1,0.756,-2.65,-10.38,72.4,0.713,-4.06,-7.02,78.3,0.565,
13:27,4469.34,3.52,-10.3,66.1,0.972,-1.16,-9.77,74,0.713,-1.83,-9.88,73.1,0.706,-2.95,-6.15,78,0.588,
13:27,4469.54,2.48,-11.4,66.4,0.948,0.09,-7.97,72.4,0.775,-1.92,-9.21,71.5,0.75,-1.93,-5.1,76.2,0.72,
13:27,4469.74,3.54,-10.86,67.2,0.966,0.6,-7.37,72,0.806,-1.97,-9.33,71.2,0.725,-1.87,-5.11,76.5,0.673,
13:27,4469.94,4.61,-9.28,66.5,0.986,0.24,-7.75,72.2,0.795,-2.41,-9.82,71.3,0.718,-2.95,-5.98,77.3,0.596,
13:27,4470.14,4.37,-9.24,65.8,0.988,-1.45,-9.65,73.4,0.736,-2.8,-10.59,72.7,0.711,-4.18,-7.12,78.2,0.561,
13:27,4470.34,3.28,-10.54,66.2,0.961,-0.51,-9,73.4,0.734,-1.5,-9.38,72.6,0.74,-2.54,-5.76,77.4,0.626,
13:27,4470.54,2.59,-11.44,66.5,0.956,0.38,-7.63,72.1,0.792,-1.89,-9.23,71.5,0.74,-1.96,-5.09,76.1,0.712,
13:27,4470.74,4,-10.18,67,0.971,0.68,-7.33,71.9,0.806,-1.98,-9.38,71.2,0.714,-1.97,-5.18,76.7,0.651,
13:27,4470.94,4.83,-8.92,66.2,0.997,-0.34,-8.36,72.4,0.777,-2.58,-10.15,71.9,0.716,-3.81,-6.72,77.8,0.573,
13:27,4471.14,3.92,-9.79,65.9,0.981,-1.54,-10.04,73.8,0.717,-2.19,-10.31,73.4,0.711,-3.78,-6.8,78.1,0.565,
13:27,4471.34,2.86,-10.97,66.3,0.955,0,-8.29,72.8,0.757,-1.52,-9.13,72,0.756,-2.16,-5.33,76.5,0.684,
13:27,4471.54,2.98,-11.15,66.7,0.962,0.62,-7.35,71.8,0.806,-1.92,-9.3,71.4,0.732,-1.98,-5.13,76.1,0.692,
13:27,4471.74,4.5,-9.59,66.7,0.987,0.66,-7.45,72.1,0.806,-1.97,-9.51,71.4,0.715,-2.54,-5.65,77,0.617,
13:27,4471.94,4.86,-8.86,66.1,0.997,-0.77,-8.85,72.7,0.761,-2.69,-10.39,72.4,0.713,-4.38,-7.2,77.9,0.562,
13:27,4472.14,3.66,-10.04,66,0.973,-1.04,-9.6,73.8,0.721,-1.65,-9.79,73.2,0.724,-3.12,-6.23,77.8,0.591,
13:27,4472.34,2.77,-11.27,66.6,0.955,0.37,-7.84,72.4,0.781,-1.55,-9.11,71.9,0.758,-1.98,-5.13,76.2,0.71,
13:27,4472.53,3.47,-10.87,67.1,0.966,0.86,-7.22,71.9,0.809,-1.81,-9.28,71.4,0.721,-1.95,-5.13,76.2,0.669,
13:27,4472.73,4.62,-9.47,66.8,0.992,0.49,-7.58,72,0.794,-2.01,-9.62,71.4,0.698,-3.16,-6.16,77.3,0.571,
13:27,4472.94,4.73,-9.23,66.3,0.996,-1.23,-9.56,73.3,0.74,-2.62,-10.54,72.8,0.702,-4.76,-7.57,78.2,0.536,
13:27,4473.14,3.43,-10.36,66.1,0.963,-0.39,-8.94,73.6,0.734,-1.62,-9.5,72.6,0.739,-2.71,-5.83,77.1,0.62,
13:27,4473.34,2.44,-11.4,66.3,0.952,0.35,-7.65,72.1,0.786,-2.01,-9.31,71.5,0.745,-2.1,-5.17,75.8,0.71,
13:27,4473.53,4.04,-10.19,66.8,0.977,0.73,-7.33,72,0.805,-1.87,-9.37,71.2,0.712,-2.14,-5.34,76.6,0.635,
13:27,4473.73,4.84,-8.95,66.3,0.993,-0.2,-8.2,72.3,0.779,-2.57,-10.1,71.7,0.71,-3.93,-6.8,77.7,0.562,
13:27,4473.93,3.86,-9.77,66,0.972,-1.57,-9.95,73.7,0.718,-2.25,-10.3,73.2,0.716,-3.94,-6.88,77.9,0.56,
13:27,4474.13,3.11,-10.83,66.5,0.952,0.06,-8.3,72.9,0.755,-1.5,-9.13,72.1,0.763,-2.29,-5.42,76.4,0.669,